date,price_close,predicted_signal,confidence
2020-03-13,67.1029281616211,1,0.527399766405182
2020-03-16,58.47034454345703,1,0.5127628947699615
2020-03-17,61.04130172729492,1,0.5029185591196603
2020-03-18,59.54700469970703,1,0.6418099223507744
2020-03-19,59.09075546264648,1,0.6155067857904319
2020-03-20,55.3393440246582,1,0.5562535865086037
2020-03-23,54.1637077331543,1,0.5984355013960979
2020-03-24,59.59769058227539,1,0.546716388885008
2020-03-25,59.26938629150391,1,0.6121703695705499
2020-03-26,62.38832473754883,1,0.5565520284784629
2020-03-27,59.8053092956543,1,0.6050416287023959
2020-03-30,61.51203536987305,1,0.5394616150357721
2020-03-31,61.38649368286133,1,0.5065310885278198
2020-04-01,58.15651321411133,1,0.5745927831847102
2020-04-02,59.12696075439453,1,0.6138800046848999
2020-04-03,58.277225494384766,1,0.5543462456121463
2020-04-06,63.36116027832031,1,0.5098481497783055
2020-04-07,62.62730026245117,1,0.5833463255570877
2020-04-08,64.23021697998047,1,0.5327564824114834
2020-04-09,64.69373321533203,1,0.6011922940269723
2020-04-13,65.9635009765625,1,0.5770996017679487
2020-04-14,69.29486083984375,0,0.499902498795851
2020-04-15,68.66239929199219,1,0.6147589810981446
2020-04-16,69.20796966552734,1,0.6377738513047784
2020-04-17,68.2688980102539,1,0.6378955079792229
2020-04-20,66.85187530517578,1,0.6002370703449413
2020-04-21,64.78546142578125,0,0.4939181422536839
2020-04-22,66.65149688720703,1,0.5720450754121882
2020-04-23,66.39319610595703,1,0.5444727612874609
2020-04-24,68.3099365234375,1,0.5831220761880854
2020-04-27,68.35822296142578,1,0.5287151472924395
2020-04-28,67.25018310546875,1,0.617182410727797
2020-04-29,69.45903015136719,1,0.557942163901648
2020-04-30,70.92435455322266,0,0.4917863091579149
2020-05-01,69.78252410888672,1,0.6237938802255915
2020-05-04,70.76984405517578,1,0.563145017823025
2020-05-05,71.83203125,1,0.5568458776907951
2020-05-06,72.57312774658203,1,0.609494613986586
2020-05-07,73.32390594482422,1,0.6233992993661007
2020-05-08,75.06912231445312,1,0.5899672078178045
2020-05-11,76.25035858154297,1,0.5492829617089803
2020-05-12,75.37896728515625,0,0.4561884313184314
2020-05-13,74.46883392333984,1,0.6039703397167347
2020-05-14,74.92631530761719,1,0.6329391104630516
2020-05-15,74.4833755493164,1,0.5671709887439854
2020-05-18,76.23827362060547,1,0.5505526772922898
2020-05-19,75.79773712158203,1,0.6332789773119092
2020-05-20,77.27185821533203,1,0.5441795874129746
2020-05-21,76.69575500488281,1,0.5957541095103832
2020-05-22,77.18955993652344,1,0.6028778641520011
2020-05-26,76.66669464111328,1,0.5558379751546761
2020-05-27,77.00074005126953,1,0.6211231210951905
2020-05-28,77.03465270996094,1,0.6526159460818328
2020-05-29,76.95960235595703,1,0.6145041773460311
2020-06-01,77.90604400634766,1,0.5943663471594947
2020-06-02,78.26670837402344,1,0.6299351380510516
2020-06-03,78.69756317138672,1,0.6038797292194408
2020-06-04,78.01982116699219,1,0.580439054347683
2020-06-05,80.24188232421875,1,0.6183423837419457
2020-06-08,80.7162857055664,1,0.6164269402311338
2020-06-09,83.26518249511719,1,0.5198867429150653
2020-06-10,85.40738677978516,0,0.4909930538849156
2020-06-11,81.30693817138672,1,0.5449604709774798
2020-06-12,82.00891876220703,1,0.5524552765851478
2020-06-15,83.02312469482422,1,0.5249320698141332
2020-06-16,85.22341918945312,1,0.5677012288783402
2020-06-17,85.10481262207031,1,0.5792496163351144
2020-06-18,85.13870239257812,1,0.6091514579852272
2020-06-19,84.65216827392578,1,0.5260407914484204
2020-06-22,86.86698913574219,1,0.5073123964940892
2020-06-23,88.72112274169922,1,0.515054152498415
2020-06-24,87.15502166748047,0,0.4951853096383097
2020-06-25,88.31206512451172,1,0.5807728710916011
2020-06-26,85.59859466552734,1,0.5601029563141112
2020-06-29,87.5713882446289,1,0.5518362434542774
2020-06-30,88.30238342285156,1,0.5839261553800318
2020-07-01,88.1353759765625,1,0.5765287023041996
2020-07-02,88.1353759765625,1,0.5963684275013676
2020-07-06,90.49300384521484,1,0.6002401665831464
2020-07-07,90.21221923828124,1,0.5579330622904508
2020-07-08,92.31326293945312,1,0.5282513212260186
2020-07-09,92.71024322509766,1,0.583682575275996
2020-07-10,92.87240600585938,1,0.5988656211172543
2020-07-13,92.4439697265625,1,0.5291956407257076
2020-07-14,93.97378540039062,1,0.5079621427790366
2020-07-15,94.62008666992188,1,0.5951520705715347
2020-07-16,93.45575714111328,1,0.5811576679624031
2020-07-17,93.2669677734375,1,0.543117887862935
2020-07-20,95.23247528076172,1,0.600710731254214
2020-07-21,93.91809844970705,1,0.5624898537821624
2020-07-22,94.18195343017578,1,0.5511265883666663
2020-07-23,89.89511108398438,1,0.5354935002461558
2020-07-24,89.67243194580078,1,0.5183501450487006
2020-07-27,91.79769134521484,0,0.4947347693830768
2020-07-28,90.2896728515625,1,0.528873501919164
2020-07-29,92.02039337158205,1,0.5329456166533462
2020-07-30,93.13385772705078,1,0.5325342318111693
2020-07-31,102.8839111328125,1,0.5251710991938169
2020-08-03,105.47633361816406,0,0.4670610227177647
2020-08-04,106.18070220947266,1,0.5314335460199571
2020-08-05,106.56560516357422,1,0.5680778257162501
2020-08-06,110.2835693359375,1,0.5617814513949361
2020-08-07,107.77619934082033,1,0.5362827264653294
2020-08-10,109.34270477294922,1,0.5122106380091774
2020-08-11,106.09085845947266,1,0.5420092532842566
2020-08-12,109.61671447753906,0,0.4961893095229407
2020-08-13,111.5566635131836,0,0.489783472031257
2020-08-14,111.45723724365234,1,0.5257980307994926
2020-08-17,111.1662368774414,1,0.6182324118076733
2020-08-18,112.09259796142578,1,0.5420730189639967
2020-08-19,112.23321533203124,1,0.5634715457696268
2020-08-20,114.72364044189452,1,0.5962163834592002
2020-08-21,120.63562774658205,0,0.4823431460528855
2020-08-24,122.07845306396484,0,0.4981342458593764
2020-08-25,121.07694244384766,1,0.5482604260444279
2020-08-26,122.7234878540039,1,0.5410220801632408
2020-08-27,121.25640869140624,1,0.5741394117377595
2020-08-28,121.05997467041016,1,0.5327458219827937
2020-08-31,125.1654052734375,0,0.4836581461357493
2020-09-01,130.15106201171875,0,0.4826149990014616
2020-09-02,127.45451354980467,0,0.4961048971765436
2020-09-03,117.25039672851562,1,0.5549103221166934
2020-09-04,117.32799530029295,1,0.5541657878197138
2020-09-08,109.43243408203124,1,0.5316396121547932
2020-09-09,113.79729461669922,1,0.5147946613580303
2020-09-10,110.08231353759766,1,0.5321527003653709
2020-09-11,108.63704681396484,1,0.5347177288853677
2020-09-14,111.89615631103516,1,0.5287650034951141
2020-09-15,112.07076263427734,1,0.5463188729774446
2020-09-16,108.7631607055664,1,0.5297841072605841
2020-09-17,107.02689361572266,1,0.5664405439374068
2020-09-18,103.6319808959961,1,0.515649885383647
2020-09-21,106.7747039794922,1,0.5697481495850553
2020-09-22,108.45275115966795,1,0.5053020251975779
2020-09-23,103.90357208251952,1,0.5307028085242256
2020-09-24,104.97055053710938,1,0.5437963071986364
2020-09-25,108.90865325927734,1,0.5685327852069727
2020-09-28,111.50817108154295,0,0.4981844754611058
2020-09-29,110.66429901123048,1,0.5781363479404823
2020-09-30,112.3326416015625,1,0.5564811454787038
2020-10-01,113.28321075439452,1,0.5840651493905041
2020-10-02,109.62643432617188,1,0.5422768989375871
2020-10-05,113.00192260742188,1,0.5733959979248486
2020-10-06,109.7622299194336,1,0.5412396447380808
2020-10-07,111.62457275390624,1,0.5835298144786936
2020-10-08,111.51788330078124,1,0.6511753751725581
2020-10-09,113.45783233642578,1,0.5716844013710098
2020-10-12,120.66471099853516,0,0.4952060644341357
2020-10-13,117.46380615234376,1,0.548483581008095
2020-10-14,117.55110931396484,1,0.5340595819624648
2020-10-15,117.08551025390624,1,0.5633276859998975
2020-10-16,115.44625091552734,1,0.5560264711563696
2020-10-19,112.49755096435548,1,0.5806633634742463
2020-10-20,113.98162078857422,1,0.5488377577279254
2020-10-21,113.36082458496094,1,0.5883216693563665
2020-10-22,112.2744369506836,1,0.5901360853449396
2020-10-23,111.58576965332033,1,0.5431006573330897
2020-10-26,111.59547424316406,1,0.555877923284116
2020-10-27,113.09893035888672,1,0.576893998333832
2020-10-28,107.86107635498048,1,0.6198591993885646
2020-10-29,111.85736083984376,1,0.555908753661262
2020-10-30,105.5913314819336,1,0.5117647613784245
2020-11-02,105.50402069091795,1,0.5865686522192426
2020-11-03,107.12389373779295,1,0.5946885294408483
2020-11-04,111.49845886230467,1,0.5793889100892325
2020-11-05,115.45597076416016,1,0.5688008035568063
2020-11-06,115.32479858398438,1,0.5697307240310747
2020-11-09,113.02198791503906,1,0.5310176058110483
2020-11-10,112.6819076538086,1,0.6003647487216939
2020-11-11,116.1020965576172,1,0.5894166122477696
2020-11-12,115.83004760742188,1,0.6103422944286785
2020-11-13,115.8786392211914,1,0.6015677238675204
2020-11-16,116.88915252685548,1,0.5845927107783487
2020-11-17,116.0049285888672,1,0.5779012015166923
2020-11-18,114.68350982666016,1,0.6224664655641662
2020-11-19,115.27620697021484,1,0.5981692816186468
2020-11-20,114.0130615234375,1,0.6638315437422642
2020-11-23,110.6220245361328,1,0.5790396418346229
2020-11-24,111.90459442138672,1,0.5764207696918556
2020-11-25,112.74019622802734,1,0.5991307690195796
2020-11-27,113.28431701660156,1,0.5968720385558196
2020-11-30,115.67459869384766,1,0.5545711951406114
2020-12-01,119.24053192138672,0,0.472506714288189
2020-12-02,119.59033203125,1,0.6056166759278726
2020-12-03,119.45429229736328,1,0.5390480207169379
2020-12-04,118.78385925292967,1,0.5846408732995555
2020-12-07,120.2413101196289,1,0.5551654297622568
2020-12-08,120.85346221923828,0,0.4955637012306063
2020-12-09,118.32717895507812,1,0.5598405811424737
2020-12-10,119.74577331542967,1,0.5370343151695024
2020-12-11,118.93934631347656,1,0.5457410256556209
2020-12-14,118.32717895507812,1,0.5307502603262121
2020-12-15,124.25424194335938,0,0.4718919691020325
2020-12-16,124.18620300292967,1,0.5035169913243606
2020-12-17,125.0509796142578,1,0.5252148190972948
2020-12-18,123.06883239746094,1,0.5180777322675177
2020-12-21,124.59429931640624,1,0.5380668164948267
2020-12-22,128.14083862304688,0,0.4983732111844686
2020-12-23,127.24691772460938,0,0.4978159781687429
2020-12-24,128.228271484375,1,0.5100677689492787
2020-12-28,132.81443786621094,1,0.5224133815260172
2020-12-29,131.04603576660156,1,0.5633191777773153
2020-12-30,129.9286651611328,1,0.5531622092874309
2020-12-31,128.92784118652344,1,0.5232870579981069
2021-01-04,125.74083709716795,1,0.5887846478394443
2021-01-05,127.29544830322266,0,0.4664069252093255
2021-01-06,123.01052856445312,1,0.6229742188420525
2021-01-07,127.2080078125,1,0.6054617053812088
2021-01-08,128.3059844970703,0,0.4158180952791429
2021-01-11,125.3230209350586,0,0.4956002121782624
2021-01-12,125.14812469482422,1,0.5265210716224807
2021-01-13,127.17888641357422,0,0.4942475119906119
2021-01-14,125.25502014160156,1,0.5470590152981498
2021-01-15,123.5352020263672,1,0.5891879986192758
2021-01-19,124.20565795898438,1,0.5335422125511766
2021-01-20,128.28652954101562,1,0.5243026435115222
2021-01-21,132.98934936523438,1,0.5390422179559494
2021-01-22,135.12693786621094,1,0.5620112403879536
2021-01-25,138.86781311035156,1,0.5846026882963004
2021-01-26,139.10098266601562,0,0.4625969584850424
2021-01-27,138.03219604492188,1,0.5002633163219852
2021-01-28,133.203125,1,0.5106410808871958
2021-01-29,128.21856689453125,1,0.6082748587131245
2021-02-01,130.33676147460938,1,0.5751181412245753
2021-02-02,131.1626434326172,0,0.460385447965018
2021-02-03,130.1424102783203,0,0.4912299457498171
2021-02-04,133.49461364746094,1,0.5107186376991096
2021-02-05,133.08106994628906,1,0.5402380182557053
2021-02-08,133.22698974609375,0,0.3628397921445029
2021-02-09,132.3511962890625,0,0.4187597272278088
2021-02-10,131.74786376953125,0,0.4914324781839553
2021-02-11,131.4947967529297,1,0.5271291828503637
2021-02-12,131.7283935546875,0,0.4130670567652549
2021-02-16,129.60707092285156,0,0.4217469631911721
2021-02-17,127.32024383544922,0,0.4190074778086327
2021-02-18,126.22068786621094,1,0.5474804450843106
2021-02-19,126.3763656616211,0,0.4641748424405574
2021-02-22,122.61048126220705,0,0.4080830716042982
2021-02-23,122.4742431640625,0,0.3781866142400147
2021-02-24,121.97797393798828,0,0.4600368100408732
2021-02-25,117.7352523803711,1,0.7312809914873506
2021-02-26,117.99800872802734,1,0.6913001778572497
2021-03-01,124.35232543945312,0,0.4197396056189831
2021-03-02,121.754150390625,0,0.433083095287301
2021-03-03,118.77645874023438,0,0.4569878384042204
2021-03-04,116.89837646484376,1,0.6289930074399738
2021-03-05,118.1536865234375,0,0.4431828859712574
2021-03-08,113.22980499267578,1,0.6062978225361463
2021-03-09,117.8325653076172,0,0.4633741044371819
2021-03-10,116.75244140625,1,0.5790946479442995
2021-03-11,118.67914581298828,0,0.478743957105727
2021-03-12,117.7741928100586,1,0.6257083404363484
2021-03-15,120.65452575683594,1,0.5793339356273395
2021-03-16,122.1920166015625,0,0.4613153617508277
2021-03-17,121.40382385253906,1,0.5066727478195605
2021-03-18,117.2876434326172,1,0.5300672891333619
2021-03-19,116.7621612548828,1,0.6098643446727607
2021-03-22,120.07068634033205,0,0.4862427334021061
2021-03-23,119.24354553222656,1,0.5359516078713756
2021-03-24,116.85945129394533,1,0.6421781337981378
2021-03-25,117.34602355957033,1,0.6109401863145232
2021-03-26,117.9493179321289,1,0.6195786202884341
2021-03-29,118.1244888305664,0,0.4949814521025581
2021-03-30,116.67457580566406,1,0.6118372410150912
2021-03-31,118.86402893066406,1,0.5148710688574101
2021-04-01,119.69116973876952,1,0.5765388869402224
2021-04-05,122.51316833496094,1,0.5312627121074872
2021-04-06,122.81481170654295,1,0.600374976696238
2021-04-07,124.4593734741211,1,0.6897409386556308
2021-04-08,126.8531723022461,1,0.584054414222498
2021-04-09,129.42214965820312,0,0.3651086220541698
2021-04-12,127.70948028564452,1,0.5347329797516815
2021-04-13,130.81365966796875,0,0.4561775451211652
2021-04-14,128.478271484375,1,0.5500545706550306
2021-04-15,130.8818359375,0,0.4732611059752672
2021-04-16,130.55096435546875,1,0.5742929185722833
2021-04-19,131.21270751953125,0,0.4722186220577527
2021-04-20,129.5292510986328,1,0.5747428176712607
2021-04-21,129.90872192382812,1,0.516937751317744
2021-04-22,128.3907012939453,1,0.5849790015508379
2021-04-23,130.70663452148438,1,0.5385987654851813
2021-04-26,131.09591674804688,0,0.3673487640970577
2021-04-27,130.77476501464844,0,0.4606408268280516
2021-04-28,129.98654174804688,0,0.4469295700019812
2021-04-29,129.88925170898438,1,0.5015561497039971
2021-04-30,127.92359161376952,1,0.5559577982988443
2021-05-03,128.97451782226562,0,0.4917211950475842
2021-05-04,124.41070556640624,1,0.5812889613075921
2021-05-05,124.65399169921876,1,0.5677889870081665
2021-05-06,126.24989318847656,1,0.5410414256326643
2021-05-07,126.92244720458984,0,0.4436588341509423
2021-05-10,123.64727783203124,1,0.5114190823407674
2021-05-11,122.73101806640624,0,0.4955908539266953
2021-05-12,119.6702880859375,1,0.6265051927983838
2021-05-13,121.81475830078124,0,0.466085018476998
2021-05-14,124.2321319580078,0,0.444152806878174
2021-05-17,123.08190155029295,0,0.3804076836454543
2021-05-18,121.69776916503906,0,0.4457904485616544
2021-05-19,121.54181671142578,1,0.5683768556004498
2021-05-20,124.09567260742188,1,0.5007358323124708
2021-05-21,122.26312255859376,1,0.5532068874204942
2021-05-24,123.89097595214844,1,0.5168191705937573
2021-05-25,123.69603729248048,1,0.5798853835359896
2021-05-26,123.64727783203124,0,0.4985253557227798
2021-05-27,122.11690521240234,0,0.4790579474705478
2021-05-28,121.4638214111328,0,0.4421849448127532
2021-06-01,121.14215087890624,1,0.6271645732203106
2021-06-02,121.9024887084961,1,0.5679039733714406
2021-06-03,120.4208526611328,1,0.6214438474051207
2021-06-04,122.71150970458984,1,0.5743201835970706
2021-06-07,122.72127532958984,1,0.6069184433343929
2021-06-08,123.5400619506836,1,0.6058599834391017
2021-06-09,123.92020416259766,1,0.5149514108268649
2021-06-10,122.9259796142578,1,0.671409151401113
2021-06-11,124.13465881347656,1,0.6416259106648831
2021-06-14,127.18560028076172,0,0.4862311940110101
2021-06-15,126.36683654785156,1,0.6527676940797456
2021-06-16,126.86396026611328,1,0.6345922882249804
2021-06-17,128.46255493164062,0,0.483076848504703
2021-06-18,127.16612243652344,1,0.5729834241614401
2021-06-21,128.95968627929688,1,0.5867553899024006
2021-06-22,130.5972442626953,0,0.4623468761210104
2021-06-23,130.3243408203125,0,0.4571966860507624
2021-06-24,130.04159545898438,1,0.5111751223867967
2021-06-25,129.74925231933594,1,0.5600203539718833
2021-06-28,131.37705993652344,1,0.5952256530301675
2021-06-29,132.887939453125,1,0.5628982863050368
2021-06-30,133.50204467773438,1,0.5870002306690918
2021-07-01,133.80422973632812,1,0.6322182371282158
2021-07-02,136.42628479003906,1,0.6043584627426744
2021-07-06,138.4342803955078,1,0.5481239957446824
2021-07-07,140.919921875,1,0.5061598081548294
2021-07-08,139.62347412109375,1,0.5681670511500618
2021-07-09,141.4462432861328,0,0.4938740666410417
2021-07-12,140.8516387939453,1,0.582258159347588
2021-07-13,141.9628448486328,1,0.5910589574842938
2021-07-14,145.38424682617188,0,0.4576238777331087
2021-07-15,144.73118591308594,0,0.3690335548675142
2021-07-16,142.69390869140625,0,0.400121904709469
2021-07-19,138.8533935546875,1,0.6162687297586689
2021-07-20,142.45997619628906,0,0.4741026368311712
2021-07-21,141.72894287109375,1,0.6109337699212877
2021-07-22,143.0935821533203,1,0.5585738572822091
2021-07-23,144.8091583251953,1,0.5517295900589524
2021-07-26,145.2283172607422,0,0.4472820372439852
2021-07-27,143.06431579589844,0,0.3816295841384905
2021-07-28,141.3195343017578,1,0.557109360952718
2021-07-29,141.9628448486328,1,0.6078041164877033
2021-07-30,142.17733764648438,0,0.4867977756262802
2021-08-02,141.845947265625,1,0.5819527348858076
2021-08-03,143.63943481445312,1,0.5173991863316305
2021-08-04,143.23977661132812,1,0.5525254096894991
2021-08-05,143.34698486328125,1,0.5043615323072477
2021-08-06,142.6636505126953,0,0.4705978807991478
2021-08-09,142.61483764648438,0,0.3805865043388347
2021-08-10,142.13650512695312,1,0.5531085531158784
2021-08-11,142.39036560058594,1,0.6313284791530301
2021-08-12,145.3482666015625,1,0.5618826651103104
2021-08-13,145.55323791503906,1,0.5524781035670737
2021-08-16,147.5252227783203,0,0.4576800159523262
2021-08-17,146.61734008789062,0,0.4513113999500192
2021-08-18,142.87841796875,1,0.595088197206339
2021-08-19,143.21034240722656,1,0.5560796056939921
2021-08-20,144.6649169921875,1,0.5115476943342694
2021-08-23,146.14877319335938,1,0.5006413954984835
2021-08-24,146.06088256835938,0,0.4418796632707378
2021-08-25,144.83087158203125,1,0.5332755235625446
2021-08-26,144.0303497314453,1,0.5517704432155922
2021-08-27,145.06515502929688,1,0.5408226713540789
2021-08-30,149.4776153564453,0,0.3886041866925249
2021-08-31,148.2183380126953,1,0.5601518363914673
2021-09-01,148.8821258544922,1,0.5211135076945289
2021-09-02,149.99502563476562,1,0.6195760528639274
2021-09-03,150.6295623779297,1,0.547362709736485
2021-09-07,152.96273803710938,0,0.4737934407594039
2021-09-08,151.42027282714844,0,0.4517057053874248
2021-09-09,150.40505981445312,0,0.4104157223430729
2021-09-10,145.42636108398438,1,0.5259494963916542
2021-09-13,145.9925079345703,0,0.4802809668979009
2021-09-14,144.59654235839844,1,0.5604357394383352
2021-09-15,145.4849090576172,0,0.4451919124905758
2021-09-16,145.25064086914062,0,0.4286016468417742
2021-09-17,142.58554077148438,0,0.4541971863916859
2021-09-20,139.53981018066406,1,0.6645849197953569
2021-09-21,140.0181427001953,1,0.6054728647861937
2021-09-22,142.38059997558594,1,0.6477400415502024
2021-09-23,143.33724975585938,1,0.5728524970572911
2021-09-24,143.42514038085938,0,0.4820287228476074
2021-09-27,141.91201782226562,0,0.4606702165461781
2021-09-28,138.53427124023438,1,0.5856193250030637
2021-09-29,139.43238830566406,1,0.5389288664431232
2021-09-30,138.13406372070312,1,0.6950686410738541
2021-10-01,139.25672912597656,1,0.5116615420963749
2021-10-04,135.8301544189453,1,0.5744779024777228
2021-10-05,137.7533416748047,1,0.5856838405561222
2021-10-06,138.62216186523438,1,0.6340388452396692
2021-10-07,139.88148498535156,0,0.4890921850567524
2021-10-08,139.50070190429688,1,0.5322989389653662
2021-10-11,139.41287231445312,1,0.5621096339727539
2021-10-12,138.14382934570312,1,0.5828002616592534
2021-10-13,137.55809020996094,1,0.5679615800581296
2021-10-14,140.34027099609375,1,0.6437200278096398
2021-10-15,141.39454650878906,1,0.5819097335302815
2021-10-18,143.0638885498047,1,0.6101442291331278
2021-10-19,145.22132873535156,1,0.5691881605844064
2021-10-20,145.7094268798828,1,0.5685305026341639
2021-10-21,145.92417907714844,1,0.5094049037858964
2021-10-22,145.1529998779297,0,0.4601841724231649
2021-10-25,145.10418701171875,1,0.517368555577137
2021-10-26,145.76800537109375,0,0.4875035840887408
2021-10-27,145.30918884277344,1,0.5212823729974122
2021-10-28,148.94073486328125,0,0.4478877594989459
2021-10-29,146.2366180419922,1,0.514797265543287
2021-11-01,145.4165802001953,0,0.498318519890338
2021-11-02,146.45138549804688,1,0.5556671637845428
2021-11-03,147.8864288330078,1,0.5470838280612399
2021-11-04,147.36900329589844,1,0.5260551329649601
2021-11-05,147.89697265625,1,0.5008026596133331
2021-11-08,147.07579040527344,1,0.571007073071546
2021-11-09,147.4374542236328,1,0.5032110803164138
2021-11-10,144.6121063232422,1,0.5049942487951459
2021-11-11,144.56317138671875,1,0.6264299776257407
2021-11-12,146.63580322265625,1,0.533245204765841
2021-11-15,146.64556884765625,1,0.5478444563070365
2021-11-16,147.62319946289062,1,0.555405893385558
2021-11-17,150.0574951171875,1,0.6337809322777067
2021-11-18,154.3395538330078,1,0.617629584818713
2021-11-19,156.95965576171875,1,0.5862885171713837
2021-11-22,157.4191131591797,1,0.6043521974471611
2021-11-23,157.80043029785156,1,0.5443309416172052
2021-11-24,158.31854248046875,0,0.4506869935295283
2021-11-26,153.30328369140625,1,0.5797395064925712
2021-11-29,156.6565399169922,0,0.4845589175702464
2021-11-30,161.6033935546875,0,0.4016361587805835
2021-12-01,161.0852813720703,0,0.4058289246750529
2021-12-02,160.0978546142578,0,0.3685895119240008
2021-12-03,158.22076416015625,0,0.4984014207225726
2021-12-06,161.6229705810547,1,0.5384370224585329
2021-12-07,167.3518829345703,0,0.4783000788359136
2021-12-08,171.16470336914062,0,0.4387347625204156
2021-12-09,170.65635681152344,0,0.4233361376591425
2021-12-10,175.4369659423828,0,0.3698170276068223
2021-12-13,171.80996704101562,0,0.3296565973132559
2021-12-14,170.4314727783203,1,0.5659172324074464
2021-12-15,175.2903289794922,0,0.3987820318229333
2021-12-16,168.40774536132812,0,0.3991587049490996
2021-12-17,167.31283569335938,0,0.4751897595326341
2021-12-20,165.9539031982422,1,0.5716100002648814
2021-12-21,169.12142944335938,1,0.5328996542140614
2021-12-22,171.71218872070312,1,0.5561870707171354
2021-12-23,172.33790588378906,1,0.5126231004802648
2021-12-27,176.29730224609375,0,0.4083270541231472
2021-12-28,175.28053283691406,0,0.4695678955760332
2021-12-29,175.36856079101562,0,0.354757959118037
2021-12-30,174.21490478515625,0,0.3644865956517762
2021-12-31,173.59901428222656,0,0.4958283825630567
2022-01-03,177.93971252441406,0,0.3211809865566774
2022-01-04,175.68138122558594,0,0.3589914654553541
2022-01-05,171.0082550048828,0,0.3875841571379892
2022-01-06,168.15357971191406,1,0.522406261296431
2022-01-07,168.3197784423828,1,0.5644153332504822
2022-01-10,168.3393096923828,0,0.4808388506543257
2022-01-11,171.16470336914062,1,0.5130566558169108
2022-01-12,171.60462951660156,0,0.4388802987966481
2022-01-13,168.3393096923828,0,0.4749431169064821
2022-01-14,169.19967651367188,0,0.4861462471558561
2022-01-18,166.00277709960938,0,0.418320731053235
2022-01-19,162.51258850097656,0,0.3667296771846404
2022-01-20,160.83106994628906,0,0.4236602091311233
2022-01-21,158.77801513671875,0,0.4305426062502779
2022-01-24,158.0056915283203,0,0.4397275187545799
2022-01-25,156.2068328857422,0,0.397201915305825
2022-01-26,156.11886596679688,0,0.4131808609212732
2022-01-27,155.65939331054688,1,0.5779962030812557
2022-01-28,166.5209197998047,1,0.5037008131769738
2022-01-31,170.87142944335938,0,0.4593291545177231
2022-02-01,170.70521545410156,1,0.50362311214456
2022-02-02,171.90769958496094,0,0.4740801014794835
2022-02-03,169.03343200683594,0,0.4235599937195927
2022-02-04,168.74957275390625,0,0.4339835193187185
2022-02-07,168.03500366210938,0,0.4956052756035227
2022-02-08,171.1380615234375,1,0.5042748600186912
2022-02-09,172.5574493408203,0,0.4606057047939906
2022-02-10,168.48524475097656,0,0.4161070935701241
2022-02-11,165.0787811279297,1,0.5152579755634167
2022-02-14,165.31369018554688,1,0.5043891699368765
2022-02-15,169.14117431640625,0,0.4493816656761443
2022-02-16,168.90623474121094,0,0.4592191303976438
2022-02-17,165.31369018554688,0,0.450614495958095
2022-02-18,163.7670440673828,0,0.4223718864318387
2022-02-22,160.8500213623047,0,0.4491137303199873
2022-02-23,156.6897430419922,1,0.5192411719152988
2022-02-24,159.30335998535156,1,0.5291157866515893
2022-02-25,161.3688201904297,0,0.4318411150865998
2022-02-28,161.63308715820312,0,0.4110344328193306
2022-03-01,159.75363159179688,0,0.4934296265331928
2022-03-02,163.04270935058594,0,0.3597421488688214
2022-03-03,162.7196807861328,0,0.4684525367126811
2022-03-04,159.72427368164062,0,0.4006166628574922
2022-03-07,155.93601989746094,0,0.4473076550073315
2022-03-08,154.11529541015625,1,0.5671763203751037
2022-03-09,159.50894165039062,0,0.4207073969406171
2022-03-10,155.17247009277344,0,0.4745728080262087
2022-03-11,151.46250915527344,0,0.429763944162011
2022-03-14,147.43931579589844,0,0.4640178001514952
2022-03-15,151.81491088867188,0,0.4510649063827232
2022-03-16,156.21987915039062,0,0.4586635097540026
2022-03-17,157.2281036376953,1,0.5963740803710561
2022-03-18,160.5171661376953,1,0.5701695560370124
2022-03-21,161.88766479492188,1,0.5035321776480953
2022-03-22,165.25497436523438,1,0.5754808385626422
2022-03-23,166.61563110351562,1,0.5210874770874414
2022-03-24,170.3941192626953,1,0.5716590271336449
2022-03-25,171.03036499023438,1,0.5156473203214802
2022-03-28,171.89178466796875,0,0.4666064820554939
2022-03-29,175.18081665039062,0,0.4749813788952805
2022-03-30,174.0159912109375,0,0.3938299961140042
2022-03-31,170.92271423339844,0,0.3805856304523387
2022-04-01,170.6290283203125,1,0.5657241139048338
2022-04-04,174.67181396484375,0,0.3578827380260401
2022-04-05,171.3632049560547,0,0.4000700062665797
2022-04-06,168.2013702392578,0,0.479754875503581
2022-04-07,168.50489807128906,0,0.3611745154484859
2022-04-08,166.4981231689453,0,0.4688697229251515
2022-04-11,162.24978637695312,1,0.5242077049471042
2022-04-12,164.11947631835938,1,0.5410473451618525
2022-04-13,166.80157470703125,1,0.5145426672290634
2022-04-14,161.79946899414062,1,0.5308082942142951
2022-04-18,161.5841827392578,0,0.4992546252580863
2022-04-19,163.8649444580078,0,0.406503884543298
2022-04-20,163.6985321044922,0,0.389805844042454
2022-04-21,162.90562438964844,0,0.3940006311479327
2022-04-22,158.37342834472656,1,0.5073118261978583
2022-04-25,159.44039916992188,0,0.3700122482644042
2022-04-26,153.48880004882812,0,0.4742589324163621
2022-04-27,153.263671875,1,0.5390266902535698
2022-04-28,160.18435668945312,0,0.4432503196004289
2022-04-29,154.32086181640625,1,0.5229016087125496
2022-05-02,154.62428283691406,1,0.5437923646353472
2022-05-03,156.11219787597656,1,0.5674607921322505
2022-05-04,162.5140838623047,0,0.4082542840197877
2022-05-05,153.4594268798828,1,0.5076652533028527
2022-05-06,154.18487548828125,0,0.4176071616756359
2022-05-09,149.06761169433594,1,0.5372058602598113
2022-05-10,151.46937561035156,0,0.4329175538857977
2022-05-11,143.6170196533203,0,0.3679177194917451
2022-05-12,139.75454711914062,1,0.6485532614326317
2022-05-13,144.2150115966797,1,0.5169422324430105
2022-05-16,142.67588806152344,1,0.5759147133276702
2022-05-17,146.30308532714844,0,0.4354999400584755
2022-05-18,138.04881286621094,0,0.3739331632095261
2022-05-19,134.64707946777344,1,0.5975882952755915
2022-05-20,134.8823699951172,1,0.6848496262012854
2022-05-23,140.29373168945312,0,0.4848550034635134
2022-05-24,137.59786987304688,1,0.595607743356827
2022-05-25,137.75469970703125,1,0.5898154795082333
2022-05-26,140.9505157470703,1,0.6170042883861554
2022-05-27,146.69520568847656,0,0.4432311187415458
2022-05-31,145.91091918945312,0,0.4296096561410398
2022-06-01,145.7835235595703,1,0.5594722232552177
2022-06-02,148.23435974121094,1,0.5129862313392998
2022-06-03,142.51904296875,1,0.5511849030763826
2022-06-06,143.2640838623047,1,0.5822450459724606
2022-06-07,145.7835235595703,0,0.4945972991370953
2022-06-08,145.0482635498047,0,0.4554986089887985
2022-06-09,139.83299255371094,1,0.5207614943581529
2022-06-10,134.43138122558594,1,0.5901738191019765
2022-06-13,129.2847442626953,1,0.6083979710364219
2022-06-14,130.14743041992188,1,0.6007235120257614
2022-06-15,132.76483154296875,1,0.5346949762507915
2022-06-16,127.50052642822266,1,0.6385931457179171
2022-06-17,128.97100830078125,1,0.6086083777258583
2022-06-21,133.1962127685547,0,0.4464481707613207
2022-06-22,132.6864013671875,1,0.6206309270671365
2022-06-23,135.54896545410156,1,0.5953696261939573
2022-06-24,138.8722381591797,1,0.5355678529155411
2022-06-27,138.8722381591797,1,0.5440327605305177
2022-06-28,134.7352752685547,1,0.6080939668627103
2022-06-29,136.49008178710938,0,0.4781590358199349
2022-06-30,134.0294647216797,1,0.604202349128977
2022-07-01,136.19595336914062,1,0.6323082680424262
2022-07-05,138.77423095703125,1,0.6472543016570864
2022-07-06,140.1074676513672,1,0.6078638217552639
2022-07-07,143.46995544433594,1,0.6203253877405228
2022-07-08,144.14634704589844,1,0.5065093378888481
2022-07-11,142.01907348632812,1,0.6536828756342313
2022-07-12,142.9896240234375,0,0.4991841792067572
2022-07-13,142.6268768310547,1,0.6880927201517606
2022-07-14,145.5482177734375,1,0.6237626059295305
2022-07-15,147.21478271484375,1,0.5706603774940464
2022-07-18,144.17581176757812,1,0.5781629799533703
2022-07-19,148.0284423828125,1,0.5666467372582304
2022-07-20,150.02833557128906,1,0.5266733630036476
2022-07-21,152.2928924560547,0,0.4574360954184093
2022-07-22,151.05763244628906,0,0.392896585098798
2022-07-25,149.94007873535156,0,0.3866306615959371
2022-07-26,148.61663818359375,1,0.5543281313850769
2022-07-27,153.70449829101562,0,0.498544849543681
2022-07-28,154.25352478027344,0,0.4933553661028171
2022-07-29,159.31195068359375,0,0.383352201316284
2022-08-01,158.33164978027344,0,0.4749399600442153
2022-08-02,156.86117553710938,1,0.5611448411263431
2022-08-03,162.8607177734375,0,0.3672973884505572
2022-08-04,162.5469970703125,0,0.4942199031626233
2022-08-05,162.32122802734375,0,0.4756088334019941
2022-08-08,161.85000610351562,0,0.4995287829300814
2022-08-09,161.8991241455078,1,0.5230229873399501
2022-08-10,166.1399688720703,0,0.393617828318569
2022-08-11,165.40370178222656,1,0.52808494327607
2022-08-12,168.9475860595703,1,0.5389720247220064
2022-08-15,170.017578125,0,0.4431900318748952
2022-08-16,169.86058044433594,0,0.4596730077514186
2022-08-17,171.3527069091797,0,0.438497186203792
2022-08-18,170.96002197265625,0,0.4076266800203546
2022-08-19,168.3782196044922,0,0.488394756768564
2022-08-22,164.50054931640625,0,0.4934376730801267
2022-08-23,164.16676330566406,0,0.455337969542391
2022-08-24,164.4613037109375,1,0.5174246359458426
2022-08-25,166.91549682617188,0,0.4905737600768837
2022-08-26,160.62289428710938,0,0.4435532534820132
2022-08-29,158.42391967773438,0,0.4392013109322156
2022-08-30,155.9991912841797,0,0.3944055983889188
2022-08-31,154.34014892578125,1,0.5287643924485276
2022-09-01,155.0665740966797,0,0.4945736971348587
2022-09-02,152.95594787597656,0,0.4473306113025082
2022-09-06,151.69943237304688,0,0.4918566693940626
2022-09-07,153.10321044921875,0,0.4032349326531432
2022-09-08,151.63070678710938,1,0.5217910449809549
2022-09-09,154.48736572265625,1,0.5208734956158081
2022-09-12,160.43641662597656,0,0.4556191677219303
2022-09-13,151.02203369140625,1,0.5172875487210986
2022-09-14,152.46510314941406,0,0.4326363952201376
2022-09-15,149.5789794921875,0,0.4408979966963319
2022-09-16,147.9395751953125,1,0.5270960334159601
2022-09-19,151.6503448486328,0,0.4627292091481753
2022-09-20,154.0260009765625,0,0.3596224587249091
2022-09-21,150.90423583984375,0,0.461851176499124
2022-09-22,149.94223022460938,0,0.4175350142263368
2022-09-23,147.67453002929688,1,0.5243526603264775
2022-09-26,148.00830078125,1,0.5134865507916622
2022-09-27,148.98013305664062,0,0.4729604441327054
2022-09-28,147.0953369140625,0,0.4230758489755855
2022-09-29,139.87013244628906,0,0.4575745041996052
2022-09-30,135.6685028076172,1,0.6513549116312692
2022-10-03,139.84071350097656,1,0.5714381454388978
2022-10-04,143.42385864257812,1,0.5610933692017323
2022-10-05,143.7183074951172,0,0.4705791471305391
2022-10-06,142.76608276367188,0,0.4937148863812945
2022-10-07,137.52395629882812,1,0.5730496734062956
2022-10-10,137.84788513183594,0,0.4768892138922254
2022-10-11,136.43423461914062,1,0.5178647213620686
2022-10-12,135.80596923828125,1,0.5630791227518773
2022-10-13,140.3707733154297,1,0.5172531102390983
2022-10-14,135.84523010253906,1,0.6741694160105208
2022-10-17,139.80142211914062,1,0.5905346890766959
2022-10-18,141.1168670654297,1,0.6193685516409289
2022-10-19,141.22486877441406,1,0.5642483892809627
2022-10-20,140.7634735107422,1,0.6320705898942225
2022-10-21,144.57237243652344,1,0.6101219680128637
2022-10-24,146.71246337890625,1,0.5258110537213034
2022-10-25,149.54953002929688,0,0.4343933835820397
2022-10-26,146.61431884765625,1,0.5007666545719641
2022-10-27,142.14764404296875,1,0.517913333297637
2022-10-28,152.8872528076172,0,0.355235667617804
2022-10-31,150.5312042236328,0,0.4094700090008677
2022-11-01,147.89047241210938,0,0.406238535006824
2022-11-02,142.37342834472656,0,0.3528656576104327
2022-11-03,136.33609008789062,0,0.4820988976566137
2022-11-04,136.07057189941406,1,0.6431387033041812
2022-11-07,136.60154724121094,1,0.554394771182006
2022-11-08,137.171875,1,0.5738597678856576
2022-11-09,132.61917114257812,1,0.6690852100414753
2022-11-10,144.4188995361328,1,0.6203854907186915
2022-11-11,147.20164489746094,1,0.5020929140754253
2022-11-14,145.80535888671875,1,0.5838415640095167
2022-11-15,147.53599548339844,0,0.4337326078970752
2022-11-16,146.30685424804688,1,0.5589074513570121
2022-11-17,148.2046356201172,0,0.499872551407414
2022-11-18,148.76515197753906,1,0.5499377767525305
2022-11-21,145.5398406982422,1,0.550838636251626
2022-11-22,147.6736297607422,0,0.4948819993008817
2022-11-23,148.54881286621094,0,0.3794348374409656
2022-11-25,145.63818359375,0,0.3886909017981937
2022-11-28,141.81314086914062,0,0.4158260097634133
2022-11-29,138.81402587890625,1,0.6027955931701829
2022-11-30,145.55953979492188,1,0.5209319535806376
2022-12-01,145.83485412597656,0,0.4345906366869758
2022-12-02,145.3432159423828,0,0.4856225689111796
2022-12-05,144.1829071044922,0,0.4713251774121435
2022-12-06,140.52499389648438,0,0.4747007585148591
2022-12-07,138.58786010742188,1,0.5430747326460689
2022-12-08,140.26931762695312,0,0.486197374380132
2022-12-09,139.78749084472656,1,0.583181464315435
2022-12-12,142.07861328125,1,0.5822587765790095
2022-12-13,143.04225158691406,0,0.4316357417337169
2022-12-14,140.8200225830078,0,0.4312114160723482
2022-12-15,134.22195434570312,0,0.452638278351421
2022-12-16,132.26516723632812,0,0.4822341752575168
2022-12-19,130.16087341308594,1,0.5051726377541944
2022-12-20,130.092041015625,1,0.5500471069638552
2022-12-21,133.1894989013672,0,0.4355017153276464
2022-12-22,130.02322387695312,0,0.4267607355905339
2022-12-23,129.65943908691406,0,0.4514081730943928
2022-12-27,127.85993957519533,0,0.360086106608594
2022-12-28,123.9365234375,1,0.5561417424122472
2022-12-29,127.44695281982422,1,0.525150164512448
2022-12-30,127.76161193847656,0,0.4154008761561252
2023-01-03,122.9827117919922,1,0.6054590132005994
2023-01-04,124.25119018554688,1,0.5161467786800393
2023-01-05,122.93353271484376,1,0.5585227811201005
2023-01-06,127.45677947998048,1,0.6056359864099905
2023-01-09,127.97793579101562,1,0.5841075010060893
2023-01-10,128.54824829101562,1,0.5641749815823969
2023-01-11,131.26219177246094,1,0.5442445972771819
2023-01-12,131.1835479736328,1,0.5645692064338693
2023-01-13,132.51100158691406,1,0.637247793980291
2023-01-17,133.67132568359375,0,0.4835914809282332
2023-01-18,132.95350646972656,1,0.6674086233894865
2023-01-19,133.01248168945312,1,0.6121601745518718
2023-01-20,135.569091796875,1,0.6200294691143887
2023-01-23,138.75502014160156,1,0.5872756513283701
2023-01-24,140.15133666992188,1,0.5160501603991591
2023-01-25,139.4925079345703,1,0.6020850413049432
2023-01-26,141.5574493408203,1,0.6712502679141417
2023-01-27,143.4945831298828,1,0.5181910478595823
2023-01-30,140.61346435546875,1,0.6278961222410264
2023-01-31,141.88197326660156,1,0.6136159832664139
2023-02-01,143.00291442871094,1,0.6628053503057884
2023-02-02,148.30300903320312,0,0.4561189480366156
2023-02-03,151.92156982421875,0,0.3432128350156507
2023-02-06,149.19776916503906,1,0.5113791814706713
2023-02-07,152.06906127929688,0,0.4606032391525663
2023-02-08,149.38462829589844,0,0.4514188100198771
2023-02-09,148.3521270751953,1,0.5343960827187481
2023-02-10,148.7165069580078,1,0.5526619596406008
2023-02-13,151.5133819580078,0,0.4243141229563029
2023-02-14,150.87326049804688,1,0.5375277279159405
2023-02-15,152.97091674804688,0,0.4226591307253751
2023-02-16,151.37551879882812,0,0.4312602652359001
2023-02-17,150.23312377929688,0,0.4535423273752644
2023-02-21,146.22494506835938,1,0.5579197725135941
2023-02-22,146.64840698242188,1,0.5720201142030457
2023-02-23,147.13096618652344,0,0.4892947057980344
2023-02-24,144.48182678222656,1,0.5219250486445429
2023-02-27,145.6734619140625,0,0.4460085660840388
2023-02-28,145.17123413085938,0,0.442301263418576
2023-03-01,143.10308837890625,1,0.6039743648616372
2023-03-02,143.6939697265625,1,0.5928233090374571
2023-03-03,148.73622131347656,0,0.4908862363368956
2023-03-06,151.4936981201172,0,0.39639330012056
2023-03-07,149.29757690429688,1,0.5677635255255074
2023-03-08,150.54824829101562,0,0.4292772823702134
2023-03-09,148.30291748046875,0,0.4209787364178821
2023-03-10,146.24464416503906,1,0.6313016716264657
2023-03-13,148.18472290039062,1,0.5633734189745349
2023-03-14,150.27252197265625,1,0.5959836123733254
2023-03-15,150.66647338867188,1,0.5415648786915497
2023-03-16,153.4830322265625,1,0.5201777329319568
2023-03-17,152.64593505859375,1,0.6537968910694772
2023-03-20,155.0094757080078,1,0.5012897842912707
2023-03-21,156.86093139648438,1,0.5304930095214957
2023-03-22,155.4329376220703,1,0.5356776703942527
2023-03-23,156.51625061035156,1,0.5047950073975214
2023-03-24,157.81619262695312,1,0.5043831180000226
2023-03-27,155.87611389160156,0,0.4228802975989971
2023-03-28,155.2556610107422,1,0.5636698831699717
2023-03-29,158.3282928466797,1,0.551327492655042
2023-03-30,159.89414978027344,1,0.5251605685595848
2023-03-31,162.3955841064453,1,0.5056141013582153
2023-04-03,163.64627075195312,1,0.5251470736887207
2023-04-04,163.1144561767578,0,0.3927718634479648
2023-04-05,161.2728729248047,0,0.4759618849797731
2023-04-06,162.1592254638672,0,0.4557330631387069
2023-04-10,159.56915283203125,0,0.4057988367990623
2023-04-11,158.3578338623047,0,0.4164934095854826
2023-04-12,157.66844177246094,1,0.5275464895818528
2023-04-13,163.04556274414062,0,0.3282066143464031
2023-04-14,162.70086669921875,1,0.553781492791899
2023-04-17,162.7205352783203,1,0.5071814834514612
2023-04-18,163.9417266845703,1,0.5748399514337496
2023-04-19,165.08413696289062,1,0.5412087915196395
2023-04-20,164.11898803710938,0,0.4966386295883286
2023-04-21,162.51373291015625,1,0.5959152013246264
2023-04-24,162.8190460205078,1,0.5107381635680406
2023-04-25,161.28273010253906,0,0.4858764154903005
2023-04-26,161.2728729248047,1,0.574941111431387
2023-04-27,165.8522491455078,1,0.5253987513702454
2023-04-28,167.1029815673828,0,0.4437040005624519
2023-05-01,167.01434326171875,0,0.4908866967122812
2023-05-02,165.9803009033203,0,0.4678404889717704
2023-05-03,164.90682983398438,0,0.4610917022057071
2023-05-04,163.2720489501953,1,0.6378127354022328
2023-05-05,170.9339141845703,0,0.3560956392939369
2023-05-08,170.86495971679688,1,0.507078027360356
2023-05-09,169.16127014160156,1,0.558122410861896
2023-05-10,170.9240264892578,1,0.5401847422053454
2023-05-11,171.11114501953125,0,0.4689189475658923
2023-05-12,170.1841583251953,0,0.4519781723880312
2023-05-15,169.69107055664062,0,0.4095111630408112
2023-05-16,169.69107055664062,0,0.4876308878043913
2023-05-17,170.30247497558594,1,0.5512567507039718
2023-05-18,172.62985229492188,1,0.500591398343212
2023-05-19,172.7383575439453,0,0.4846258889253729
2023-05-22,171.79164123535156,0,0.4690483222810658
2023-05-23,169.18812561035156,1,0.5291387986751689
2023-05-24,169.46424865722656,1,0.5605321199572493
2023-05-25,170.59835815429688,1,0.5773095556108552
2023-05-26,173.00460815429688,1,0.592433705379023
2023-05-30,174.84877014160156,1,0.5076102771500534
2023-05-31,174.7994384765625,1,0.557957773009543
2023-06-01,177.6001739501953,1,0.5057275613917659
2023-06-02,178.4482879638672,0,0.4523115338786611
2023-06-05,177.09722900390625,0,0.3582809664724273
2023-06-06,176.7323455810547,0,0.4003101241568718
2023-06-07,175.361572265625,1,0.5485354630404582
2023-06-08,178.07354736328125,1,0.5749842000485117
2023-06-09,178.45816040039062,1,0.517196380308042
2023-06-12,181.2490234375,1,0.5471732015659946
2023-06-13,180.77566528320312,0,0.4959108508953948
2023-06-14,181.4068145751953,0,0.4901848996767811
2023-06-15,183.43833923339844,0,0.4523010401618475
2023-06-16,182.36338806152344,1,0.5329329832095088
2023-06-20,182.45216369628903,0,0.4888379803943457
2023-06-21,181.41668701171875,1,0.5852178077546982
2023-06-22,184.4146270751953,0,0.4754813570632555
2023-06-23,184.0990753173828,1,0.5144507996747587
2023-06-26,182.70855712890625,0,0.4947101074598924
2023-06-27,185.45997619628903,1,0.5805075387610301
2023-06-28,186.633544921875,1,0.7086376226425526
2023-06-29,186.96885681152344,1,0.5318587990054789
2023-06-30,191.28829956054688,0,0.4544590987786157
2023-07-03,189.79917907714844,0,0.419059625963868
2023-07-05,188.684799194336,1,0.5169733914940362
2023-07-06,189.1581420898437,0,0.4477380037119973
2023-07-07,188.04376220703125,0,0.4881272735946664
2023-07-10,186.00241088867188,0,0.308537813581814
2023-07-11,185.47970581054688,1,0.5477257790349571
2023-07-12,187.1463623046875,1,0.5919587739825962
2023-07-13,187.9057006835937,1,0.5532476481035357
2023-07-14,188.0536193847656,1,0.6148557623763967
2023-07-17,191.3079833984375,0,0.4353007634280607
2023-07-18,191.0516052246093,1,0.5331219859012786
2023-07-19,192.4026641845703,0,0.4533064962792243
2023-07-20,190.4598999023437,0,0.440983861020464
2023-07-21,189.286361694336,1,0.5003095621619377
2023-07-24,190.0851287841797,1,0.5633108247698722
2023-07-25,190.9431304931641,1,0.5829256540382427
2023-07-26,191.8109588623047,1,0.5057049543503298
2023-07-27,190.5486755371093,1,0.6296432631743267
2023-07-28,193.12258911132807,1,0.5899629061865757
2023-07-31,193.73399353027344,0,0.4026388770893616
2023-08-01,192.9056396484375,0,0.2226452921801916
2023-08-02,189.91751098632807,0,0.4445563785464571
2023-08-03,188.5269927978516,0,0.4073452524535006
2023-08-04,179.4739227294922,0,0.3557954549479672
2023-08-07,176.37734985351562,0,0.4815335027470906
2023-08-08,177.31422424316406,0,0.4201697407187399
2023-08-09,175.72645568847656,0,0.3827526976740174
2023-08-10,175.50949096679688,1,0.6114964817912011
2023-08-11,175.56875610351562,1,0.6618478200681089
2023-08-14,177.21786499023438,0,0.338101550648863
2023-08-15,175.23301696777344,0,0.3868619332850083
2023-08-16,174.36399841308594,0,0.4694789880731499
2023-08-17,171.8260955810547,1,0.5114947614495796
2023-08-18,172.3099822998047,1,0.6653554858723909
2023-08-21,173.64309692382812,1,0.6238312500135492
2023-08-22,175.01573181152344,1,0.6128857296350732
2023-08-23,178.85714721679688,0,0.4913780836845697
2023-08-24,174.17637634277344,1,0.5686840390613043
2023-08-25,176.37852478027344,1,0.5407422713064096
2023-08-28,177.9387664794922,1,0.6027504383285579
2023-08-29,181.81964111328125,1,0.6051178286738219
2023-08-30,185.3055877685547,1,0.6041912176112733
2023-08-31,185.5227966308593,1,0.643167010361073
2023-09-01,187.09292602539065,1,0.6226366367041184
2023-09-05,187.3299560546875,0,0.3730149814318876
2023-09-06,180.6248016357422,0,0.4861147252458487
2023-09-07,175.34161376953125,1,0.51460739489611
2023-09-08,175.953857421875,1,0.5400902302736234
2023-09-11,177.11915588378906,1,0.5001531375636269
2023-09-12,174.09739685058594,0,0.4737827338768218
2023-09-13,172.0334930419922,0,0.4918010242678486
2023-09-14,173.5443572998047,0,0.4860480824109947
2023-09-15,172.823486328125,0,0.4977112661493372
2023-09-18,175.74652099609375,1,0.5766854123988517
2023-09-19,176.832763671875,0,0.4584600723085251
2023-09-20,173.29747009277344,0,0.4557556314045905
2023-09-21,171.75694274902344,1,0.5342587700019744
2023-09-22,172.606201171875,1,0.5478372072098584
2023-09-25,173.88011169433594,0,0.3980202686017529
2023-09-26,169.81161499023438,1,0.5052175986837973
2023-09-27,168.30067443847656,1,0.561353619433378
2023-09-28,168.55746459960938,1,0.5680649223441716
2023-09-29,169.07095336914062,1,0.5817751999908672
2023-10-02,171.57920837402344,1,0.5074128436018003
2023-10-03,170.24607849121094,1,0.5502976161880353
2023-10-04,171.49034118652344,1,0.5585654433528439
2023-10-05,172.72476196289062,1,0.5645613721738723
2023-10-06,175.2725067138672,1,0.5225984075022693
2023-10-09,176.75375366210938,0,0.4876879992015898
2023-10-10,176.16127014160156,1,0.5789726584985426
2023-10-11,177.55364990234375,1,0.5379399100926152
2023-10-12,178.45225524902344,1,0.5005391744750469
2023-10-13,176.61550903320312,0,0.4340747369011001
2023-10-16,176.4871063232422,0,0.4774960160983352
2023-10-17,174.93670654296875,1,0.5095764288300175
2023-10-18,173.64309692382812,1,0.5147214819707961
2023-10-19,173.26785278320312,1,0.5231834362682085
2023-10-20,170.72007751464844,1,0.5501153851752145
2023-10-23,170.83860778808594,1,0.5568219929423307
2023-10-24,171.27310180664062,1,0.5211864462831425
2023-10-25,168.96234130859375,0,0.3629441118167675
2023-10-26,164.80494689941406,1,0.5741960908272162
2023-10-27,166.11831665039062,1,0.593888520855353
2023-10-30,168.16246032714844,1,0.559166457268431
2023-10-31,168.63645935058594,1,0.6354626632196152
2023-11-01,171.79649353027344,1,0.571699645976602
2023-11-02,175.3514862060547,1,0.5001982315148836
2023-11-03,174.44300842285156,1,0.5499112105008002
2023-11-06,176.99073791503906,1,0.5394865751380322
2023-11-07,179.54840087890625,1,0.5702151174096863
2023-11-08,180.6050262451172,1,0.508593229117081
2023-11-09,180.1310577392578,1,0.5471788531903592
2023-11-10,184.31369018554688,0,0.4639099584021773
2023-11-13,182.7315826416016,1,0.5445875084981301
2023-11-14,185.342041015625,1,0.5317476173390037
2023-11-15,185.9056701660156,1,0.5390364973412828
2023-11-16,187.586669921875,0,0.4617572455754795
2023-11-17,187.56686401367188,1,0.5080791164183079
2023-11-20,189.30715942382807,0,0.4772626067351667
2023-11-21,188.5062255859375,0,0.4956445272588343
2023-11-22,189.1687469482422,0,0.4000751408469963
2023-11-24,187.84371948242188,0,0.3754161931884769
2023-11-27,187.665756225586,0,0.4792370126557881
2023-11-28,188.26890563964844,0,0.4492617166561832
2023-11-29,187.25045776367188,1,0.6644909498287614
2023-11-30,187.823959350586,1,0.5889064137810789
2023-12-01,189.0995330810547,0,0.427309001026449
2023-12-04,187.3097686767578,1,0.5856044533634294
2023-12-05,191.255126953125,0,0.41172283341088
2023-12-06,190.1674194335937,1,0.5128646911650808
2023-12-07,192.09559631347656,1,0.5436323962443141
2023-12-08,193.51950073242188,0,0.3735539628671765
2023-12-11,191.017807006836,1,0.6082521216176014
2023-12-12,192.5306701660156,1,0.5324300937533065
2023-12-13,195.74429321289065,1,0.5126818157601808
2023-12-14,195.89260864257807,0,0.3767132060335967
2023-12-15,195.358642578125,0,0.3709178268909454
2023-12-18,193.6974639892578,0,0.4213835487928175
2023-12-19,194.7357177734375,0,0.3215736122902978
2023-12-20,192.6493225097656,0,0.3652598890166965
2023-12-21,192.50099182128903,0,0.3645033499061109
2023-12-22,191.43310546875,0,0.2460417597939261
2023-12-26,190.88926696777344,1,0.5196101369388727
2023-12-27,190.9881286621093,1,0.5698829392473204
2023-12-28,191.413330078125,0,0.3666391765645357
2023-12-29,190.3750915527344,0,0.3999000331658294
2024-01-02,183.5621795654297,0,0.2223339396552189
2024-01-03,182.187744140625,0,0.2773177667354715
2024-01-04,179.8739471435547,0,0.33209161634626
2024-01-05,179.15211486816406,0,0.4613913295387067
2024-01-08,183.48309326171875,0,0.3091495715805467
2024-01-09,183.0678100585937,0,0.463344245688151
2024-01-10,184.1060333251953,0,0.3352395416511582
2024-01-11,183.51271057128903,1,0.5343980349130422
2024-01-12,183.8390350341797,0,0.390836935837928
2024-01-16,181.5746612548828,0,0.3561557170130027
2024-01-17,180.6352996826172,0,0.48146128648161
2024-01-18,186.51873779296875,1,0.6491072493227817
2024-01-19,189.4159393310547,1,0.5268067471560314
2024-01-22,191.7198486328125,0,0.4552963400038527
2024-01-23,192.99539184570312,0,0.2705830327429381
2024-01-24,192.3230133056641,0,0.2868010984359387
2024-01-25,191.99673461914065,0,0.3001156620963111
2024-01-26,190.2662811279297,0,0.3376525069074986
2024-01-29,189.5840301513672,0,0.3526167613906517
2024-01-30,185.9353179931641,0,0.3162763721495684
2024-01-31,182.3360748291016,0,0.4773739259102119
2024-02-01,184.7685546875,0,0.3561866505161465
2024-02-02,183.76983642578125,1,0.5189744531969772
2024-02-05,185.5793609619141,1,0.5260657446991663
2024-02-06,187.1812438964844,1,0.5291745801020438
2024-02-07,187.29000854492188,0,0.4065240455249834
2024-02-08,186.2122039794922,0,0.4885782612929351
2024-02-09,186.9745483398437,0,0.3238419644976835
2024-02-12,185.2914276123047,0,0.3502247696501975
2024-02-13,183.202377319336,0,0.304927246918392
2024-02-14,182.3212127685547,0,0.3197523005409113
2024-02-15,182.0341033935547,0,0.3090101392627942
2024-02-16,180.4994659423828,0,0.3737424019537982
2024-02-20,179.75694274902344,1,0.6634130841453424
2024-02-21,180.50938415527344,1,0.5347478625575001
2024-02-22,182.5390167236328,0,0.3797789735857427
2024-02-23,180.7074279785156,0,0.3413314654794105
2024-02-26,179.3609161376953,0,0.4272675904563773
2024-02-27,180.8163299560547,0,0.338025321458608
2024-02-28,179.61831665039062,0,0.378423767643219
2024-02-29,178.95497131347656,0,0.4023736007002683
2024-03-01,177.8758087158203,0,0.3389910572171873
2024-03-04,173.36111450195312,0,0.3380146892797166
2024-03-05,168.4305419921875,0,0.389352467726705
2024-03-06,167.4404754638672,0,0.4056376223080388
2024-03-07,167.3216552734375,1,0.5118419630313037
2024-03-08,169.03448486328125,0,0.4870383099719851
2024-03-11,171.034423828125,0,0.470150457517187
2024-03-12,171.50965881347656,0,0.3910844386303049
2024-03-13,169.43051147460938,0,0.479710464408646
2024-03-14,171.28195190429688,0,0.4093111453161995
2024-03-15,170.90574645996094,0,0.4715002766134234
2024-03-18,171.99481201171875,0,0.4663251970515245
2024-03-19,174.3313446044922,0,0.4316370604201336
2024-03-20,176.89561462402344,0,0.4851285349949677
2024-03-21,169.66812133789062,1,0.5061269353661906
2024-03-22,170.56907653808594,1,0.5308854044777934
2024-03-25,169.1533203125,1,0.5004339846020529
2024-03-26,168.02462768554688,1,0.5670628346921611
2024-03-27,171.58885192871094,1,0.5263694924169697
2024-03-28,169.7770233154297,1,0.537194162182083
2024-04-01,168.3414306640625,0,0.3628063124085317
2024-04-02,167.1632537841797,0,0.4803219319026844
2024-04-03,167.96524047851562,0,0.49528794926383
2024-04-04,167.14346313476562,1,0.5044208548475727
2024-04-05,167.8959197998047,1,0.5349032106454136
2024-04-08,166.77716064453125,0,0.4758481774692002
2024-04-09,167.98500061035156,1,0.517677935299849
2024-04-10,166.11376953125,0,0.4570500966181812
2024-04-11,173.3016815185547,0,0.4535107469590886
2024-04-12,174.79669189453125,1,0.5128909042890332
2024-04-15,170.9750213623047,0,0.4205184629773954
2024-04-16,167.69790649414062,1,0.5229019721430359
2024-04-17,166.33160400390625,0,0.4456066601935862
2024-04-18,165.38111877441406,0,0.4542195139507399
2024-04-19,163.36138916015625,0,0.4556015363494078
2024-04-22,164.1930389404297,0,0.4645552566059575
2024-04-23,165.2425079345703,1,0.5223971186602198
2024-04-24,167.3414764404297,1,0.5245497507806673
2024-04-25,168.20281982421875,1,0.5167244375725312
2024-04-26,167.61871337890625,1,0.5271109719127067
2024-04-29,171.7769775390625,0,0.4501498496846342
2024-04-30,168.63845825195312,0,0.4769877845460829
2024-05-01,167.61871337890625,0,0.4712835093428827
2024-05-02,171.31166076660156,1,0.5029190597764104
2024-05-03,181.558837890625,0,0.4837058925589049
2024-05-06,179.90545654296875,1,0.5614166294634869
2024-05-07,180.58859252929688,1,0.5004610114958723
2024-05-08,180.9252166748047,0,0.4844434152232912
2024-05-09,182.737045288086,1,0.514025256615199
2024-05-10,181.4779357910156,0,0.4725953164433965
2024-05-13,184.68020629882807,1,0.5347883613928972
2024-05-14,185.82032775878903,0,0.4782490041689272
2024-05-15,188.09068298339844,0,0.4854936628731925
2024-05-16,188.2096405029297,1,0.5721491162746024
2024-05-17,188.2393951416016,0,0.4939531919420761
2024-05-20,189.3993225097656,0,0.4981636349048103
2024-05-21,190.6980895996093,1,0.5018880595169928
2024-05-22,189.2605438232422,0,0.42219583688172
2024-05-23,185.27505493164065,0,0.4377542741275407
2024-05-24,188.3484344482422,0,0.4488371571940222
2024-05-28,188.35836791992188,1,0.548646609651704
2024-05-29,188.65577697753903,0,0.4942256283373993
2024-05-30,189.64718627929688,1,0.5191464361054368
2024-05-31,190.59893798828125,0,0.4641544438679838
2024-06-03,192.36363220214844,1,0.5621675996544363
2024-06-04,192.680908203125,0,0.4467713794356358
2024-06-05,194.1878662109375,0,0.3937302374479282
2024-06-06,192.80978393554688,0,0.39444619222679
2024-06-07,195.19911193847656,0,0.4265981977383225
2024-06-10,191.46144104003903,0,0.4526211496039194
2024-06-11,205.3709716796875,0,0.4355130075341473
2024-06-12,211.2401428222656,0,0.4389359626558116
2024-06-13,212.40008544921875,0,0.4374454782344981
2024-06-14,210.6651153564453,0,0.4295560486810858
2024-06-17,214.8092193603516,0,0.4365082493025265
2024-06-18,212.4496459960937,0,0.4084039181517096
2024-06-20,207.87925720214844,0,0.456038600684688
2024-06-21,205.7080841064453,0,0.4298454837362316
2024-06-24,206.3524780273437,0,0.3914533291600109
2024-06-25,207.2745056152344,0,0.3869135273623196
2024-06-26,211.41860961914065,0,0.4136578811423392
2024-06-27,212.2613220214844,0,0.4162666084999956
2024-06-28,208.8111724853516,0,0.4042962142782783
2024-07-01,214.8885498046875,0,0.4053472512206152
2024-07-02,218.3783264160156,0,0.4429798449528275
2024-07-03,219.64732360839844,0,0.3819919728300909
2024-07-05,224.3961639404297,0,0.3669995068577927
2024-07-08,225.86346435546875,0,0.3958296417677756
2024-07-09,226.71609497070312,0,0.3854394780551921
2024-07-10,230.97915649414065,0,0.3870134289062922
2024-07-11,225.6156311035156,0,0.4188226217933428
2024-07-12,228.5601043701172,0,0.4001245447695522
2024-07-15,232.3869781494141,0,0.3565413553147445
2024-07-16,232.8033447265625,0,0.3730078892668831
2024-07-17,226.91436767578125,0,0.3558211292381797
2024-07-18,222.2547149658203,0,0.4316426810847472
2024-07-19,222.3836212158203,0,0.4275996056044442
2024-07-22,222.03663635253903,0,0.4387926826594714
2024-07-23,223.0775756835937,0,0.4248323825586098
2024-07-24,216.6631622314453,0,0.3965003122468254
2024-07-25,215.62217712402344,0,0.3541028367417085
2024-07-26,216.088134765625,0,0.3907505472234672
2024-07-29,216.36575317382807,0,0.3946564765764146
2024-07-30,216.9209442138672,0,0.3844248674476991
2024-07-31,220.1727600097656,0,0.427790661667469
2024-08-01,216.4847106933593,0,0.3827822619448892
2024-08-02,217.97183227539065,0,0.4074435635114312
2024-08-05,207.4727783203125,0,0.3904141754491045
2024-08-06,205.4502868652344,0,0.3365738221443811
2024-08-07,208.0180511474609,0,0.4064651919578539
2024-08-08,211.47808837890625,0,0.4144970746980299
2024-08-09,214.38291931152344,0,0.4094133167571093
2024-08-12,215.91148376464844,0,0.2953458644157105
2024-08-13,219.62364196777344,0,0.4049693536800014
2024-08-14,220.0702972412109,0,0.4188612120973162
2024-08-15,223.0479736328125,0,0.4223318100522904
2024-08-16,224.3680877685547,0,0.4013979236962563
2024-08-19,224.20925903320312,0,0.4846326846440005
2024-08-20,224.8246459960937,0,0.4394945725757664
2024-08-21,224.71548461914065,0,0.3734042253330174
2024-08-22,222.859375,0,0.433011185924472
2024-08-23,225.1521911621093,0,0.327470605477051
2024-08-26,225.4896545410156,0,0.3398703110929538
2024-08-27,226.3333282470703,0,0.3292231406079857
2024-08-28,224.80479431152344,0,0.2836149543980166
2024-08-29,228.0802459716797,0,0.3676860301040308
2024-08-30,227.296142578125,0,0.3369177475044147
2024-09-03,221.1125030517578,0,0.3974028063335945
2024-09-04,219.206771850586,0,0.4068077099425197
2024-09-05,220.7253875732422,0,0.3808235492967
2024-09-06,219.176986694336,0,0.4446443749783665
2024-09-09,219.26632690429688,0,0.4304506172931283
2024-09-10,218.47227478027344,0,0.4024469825694599
2024-09-11,221.00331115722656,0,0.3975849672120523
2024-09-12,221.1125030517578,0,0.3293679335222406
2024-09-13,220.844482421875,0,0.3469151651774378
2024-09-16,214.71044921875,0,0.4582901879962683
2024-09-17,215.17697143554688,0,0.3877737612696212
2024-09-18,219.0479736328125,0,0.420906655239839
2024-09-19,227.1670837402344,0,0.3955835529210696
2024-09-20,226.50205993652344,0,0.4249709374009789
2024-09-23,224.78497314453125,0,0.448803749067257
2024-09-24,225.67825317382807,0,0.389091062227385
2024-09-25,224.68569946289065,0,0.4722511627381456
2024-09-26,225.82716369628903,0,0.3198079508632955
2024-09-27,226.0951232910156,0,0.3855500747841255
2024-09-30,231.266357421875,0,0.44200497408823
2024-10-01,224.52688598632807,0,0.3608213677860181
2024-10-02,225.0926513671875,0,0.3963034061272255
2024-10-03,223.9908905029297,0,0.3726182072639952
2024-10-04,225.1124725341797,0,0.3360958995170536
2024-10-07,220.04052734375,0,0.3640477195496958
2024-10-08,224.0901641845703,0,0.3564728973510201
2024-10-09,227.8321075439453,0,0.3979180784913884
2024-10-10,227.33583068847656,0,0.3923439428036184
2024-10-11,225.8569183349609,0,0.4177158853839594
2024-10-14,229.5790252685547,0,0.3875594385137028
2024-10-15,232.11004638671875,0,0.394933628140543
2024-10-16,230.0554351806641,0,0.3686716977925558
2024-10-17,230.4226837158203,0,0.3332325604377131
2024-10-18,233.25148010253903,0,0.4012493839932697
2024-10-21,234.720443725586,0,0.359111372504146
2024-10-22,234.1050720214844,0,0.3648510338809931
2024-10-23,229.0430145263672,0,0.3631942477656747
2024-10-24,228.85446166992188,0,0.3550246403217953
2024-10-25,229.68820190429688,0,0.353531229820161
2024-10-28,231.66339111328125,0,0.3707917384954071
2024-10-29,231.931381225586,0,0.3667548935152844
2024-10-30,228.3879547119141,0,0.3823713496295769
2024-10-31,224.2291412353516,0,0.4185566120155935
2024-11-01,221.2514495849609,0,0.3893367892048094
2024-11-04,220.358139038086,0,0.4136520382057218
2024-11-05,221.7873992919922,0,0.3597720442351202
2024-11-06,221.0628356933593,0,0.3960332100085201
2024-11-07,225.7874298095703,0,0.4297717106317698
2024-11-08,225.51914978027344,0,0.3512389098886601
2024-11-11,222.8064727783203,0,0.4012550998071766
2024-11-12,222.8064727783203,0,0.3283397647442351
2024-11-13,223.6908264160156,0,0.4056748860681305
2024-11-14,226.77114868164065,0,0.3946100323806738
2024-11-15,223.5715789794922,0,0.3924743846075238
2024-11-18,226.57241821289065,0,0.3674661879127192
2024-11-19,226.83074951171875,0,0.3494899953396052
2024-11-20,227.54620361328125,0,0.306901902941415
2024-11-21,227.0692443847656,0,0.3227953484431238
2024-11-22,228.41065979003903,0,0.2991377035375484
2024-11-25,231.39161682128903,0,0.3944823618140954
2024-11-26,233.5677185058593,0,0.4266465935738378
2024-11-27,233.43853759765625,0,0.3437796777064184
2024-11-29,235.8233184814453,0,0.3564298394947848
2024-12-02,238.0689697265625,0,0.3864286728767381
2024-12-03,241.1095123291016,0,0.3171731577836449
2024-12-04,241.46725463867188,0,0.3713304343159839
2024-12-05,241.4970703125,0,0.2764095930663994
2024-12-06,241.29833984375,0,0.2841469577677457
2024-12-09,245.1835174560547,0,0.407692632431079
2024-12-10,246.197021484375,0,0.3004636602702907
2024-12-11,244.92515563964844,0,0.3804279773404272
2024-12-12,246.3858337402344,0,0.3107137267191991
2024-12-13,246.5547637939453,0,0.3181979021107689
2024-12-16,249.4462738037109,0,0.3073988841456218
2024-12-17,251.8707733154297,0,0.3526597798303468
2024-12-18,246.4752655029297,0,0.3581550740438894
2024-12-19,248.20420837402344,0,0.3463680448960755
2024-12-20,252.87437438964844,0,0.3439544949863605
2024-12-23,253.6494140625,0,0.3606923210610495
2024-12-24,256.5608215332031,0,0.3467100437854239
2024-12-26,257.3755798339844,0,0.3014124658175621
2024-12-27,253.9673767089844,0,0.3293105160056357
2024-12-30,250.59890747070312,0,0.3633135719729797
2024-12-31,248.8302154541016,0,0.3263931793030343
2025-01-02,242.30191040039065,0,0.3105291619775597
2025-01-03,241.8150329589844,0,0.2873869833637636
2025-01-06,243.44461059570312,0,0.3465337124642832
2025-01-07,240.67233276367188,0,0.3429021577925322
2025-01-08,241.15921020507807,0,0.2954319300012884
2025-01-10,235.3463592529297,0,0.341356439078684
2025-01-13,232.91189575195312,0,0.3155882399268314
2025-01-14,231.79901123046875,0,0.3232232665375325
2025-01-15,236.35989379882807,0,0.3107914526659447
2025-01-16,226.8108825683593,0,0.36202275166878
2025-01-17,228.5199432373047,0,0.3362780762848757
2025-01-21,221.2265625,0,0.4048762524092685
2025-01-22,222.4090270996093,0,0.351807439777263
2025-01-23,222.24009704589844,0,0.36675595327251
2025-01-24,221.3656768798828,0,0.3762025457824862
2025-01-27,228.40074157714844,0,0.4792764958743603
2025-01-28,236.7473907470703,0,0.4477312898140155
2025-01-29,237.8404235839844,0,0.4294037328738307
2025-01-30,236.08164978027344,0,0.4465919222633334
2025-01-31,234.5017547607422,0,0.4789966154875725
2025-02-03,226.56246948242188,0,0.3667978730729717
2025-02-04,231.3220672607422,0,0.3696229750106464
2025-02-05,230.99415588378903,0,0.33525159693794
2025-02-06,231.73941040039065,0,0.3350097440007534
2025-02-07,226.1849060058593,0,0.3577082319071402
2025-02-10,226.4534606933593,0,0.3472795325055827
2025-02-11,231.3973388671875,0,0.3692962923388288
2025-02-12,235.62501525878903,0,0.3520247258151346
2025-02-13,240.26052856445312,0,0.3372849045034612
2025-02-14,243.3143920898437,0,0.3884735311168771
2025-02-18,243.18507385253903,0,0.3446170386762215
2025-02-19,243.5829620361328,0,0.3202774044284569
2025-02-20,244.53790283203125,0,0.3345473345992744
2025-02-21,244.25938415527344,0,0.3318799833666814
2025-02-24,245.8012542724609,0,0.3742132352895969
2025-02-25,245.7415466308593,0,0.3166367970122975
2025-02-26,239.0966796875,0,0.3071909064165232
2025-02-27,236.05276489257807,0,0.3212429937489719
2025-02-28,240.5688934326172,0,0.3123607558717176
2025-03-03,236.77891540527344,0,0.3588167150206448
2025-03-04,234.68994140625,0,0.3402693989074453
2025-03-05,234.5009613037109,0,0.333041881428922
2025-03-06,234.0931091308593,0,0.3125283135789127
2025-03-07,237.8134613037109,0,0.4132186610239179
2025-03-10,226.28436279296875,0,0.3761659392958495
2025-03-11,219.67926025390625,0,0.344467539470105
2025-03-12,215.8395538330078,0,0.3227268345973142
2025-03-13,208.57791137695312,0,0.3479541495898959
2025-03-14,212.36788940429688,0,0.3352664981901812
2025-03-17,212.875244140625,0,0.3408244701946941
2025-03-18,211.5721130371093,0,0.3451026309647028
2025-03-19,214.10870361328125,0,0.3619932810774722
2025-03-20,212.9747009277344,0,0.3732386837870139
2025-03-21,217.12277221679688,0,0.3477217747892203
2025-03-24,219.56985473632807,0,0.3879959654676936
2025-03-25,222.573974609375,0,0.3863814731957645
2025-03-26,220.3656463623047,0,0.3724055853691464
2025-03-27,222.67344665527344,0,0.2992504827153896
2025-03-28,216.75469970703125,0,0.3656444182645328
2025-03-31,220.9624938964844,0,0.35690347755163
2025-04-01,222.01690673828125,0,0.3782838861975213
2025-04-02,222.71324157714844,0,0.3167461218179775
2025-04-03,202.1220245361328,0,0.3676026433252143
2025-04-04,187.389892578125,0,0.3589062815034132
2025-04-07,180.5062561035156,0,0.3662751633659555
2025-04-08,171.51376342773438,0,0.4019016453351615
2025-04-09,197.80484008789065,0,0.4015632508516795
2025-04-10,189.41912841796875,0,0.3744354496986764
2025-04-11,197.1085205078125,0,0.3903326696302118
2025-04-14,201.4555511474609,0,0.347510913016389
2025-04-15,201.0775604248047,0,0.3528832120254092
2025-04-16,193.24891662597656,0,0.3887015818700962
2025-04-17,195.9446716308593,0,0.3575817318922339
2025-04-21,192.1447296142578,0,0.4304343440338825
2025-04-22,198.690185546875,0,0.3325505895455374
2025-04-23,203.52462768554688,0,0.3441835449821467
2025-04-24,207.27479553222656,0,0.3405329570421995
2025-04-25,208.1800079345703,0,0.393423145379153
2025-04-28,209.0355224609375,0,0.3367855065102473
2025-04-29,210.09988403320312,0,0.3580777452182064
2025-04-30,211.3831024169922,0,0.340149551726073
2025-05-01,212.19879150390625,0,0.3145520466401581
2025-05-02,204.2707061767578,0,0.3657908265714807
2025-05-05,197.8446502685547,0,0.3754384107755267
2025-05-06,197.4666442871093,0,0.3910970772018254
2025-05-07,195.2185211181641,0,0.3860317472262549
2025-05-08,196.4519958496093,0,0.4067394524543165
2025-05-09,197.48654174804688,0,0.3745874858085301
2025-05-12,209.95704650878903,0,0.3854459350159502
2025-05-13,212.08859252929688,0,0.3780522463739828
2025-05-14,211.4909820556641,0,0.3877789252351096
2025-05-15,210.6144561767578,0,0.3556506903552022
2025-05-16,210.4252014160156,0,0.3412071553481881
2025-05-19,207.9550018310547,0,0.3854759446928386
2025-05-20,206.0426025390625,0,0.362070159502901
2025-05-21,201.2914428710937,0,0.3734457342269466
2025-05-22,200.5643310546875,0,0.4260362042848281
2025-05-23,194.4983825683593,0,0.4106051450322227
2025-05-27,199.4188690185547,0,0.3736391740932318
2025-05-28,199.62803649902344,0,0.3915281261585777
2025-05-29,199.159896850586,0,0.4327730646393582
2025-05-30,200.05633544921875,0,0.4275060811470816
2025-06-02,200.9029693603516,0,0.368258900169496
2025-06-03,202.4667816162109,0,0.3713643421458971
2025-06-04,202.0185546875,0,0.3694171149453495
2025-06-05,199.8372039794922,0,0.3326296928147383
2025-06-06,203.1141967773437,0,0.4367386627502168
2025-06-09,200.6539459228516,0,0.4175415686273301
2025-06-10,201.86915588378903,0,0.41233237890274
2025-06-11,197.9945068359375,0,0.344807914042091
2025-06-12,198.4128570556641,0,0.3775717739547747
2025-06-13,195.67372131347656,0,0.3836371280013991
2025-07-02,211.6005401611328,0,0.3587867139542935
2025-07-03,212.7061462402344,0,0.3284060849430226
2025-07-07,209.1203765869141,0,0.3910461719789251
2025-07-08,209.1801300048828,0,0.3603453112983665
2025-07-09,210.3056640625,0,0.3617401701797089
2025-07-10,211.57066345214844,0,0.3221856001813906
2025-07-11,210.3255920410156,0,0.3396205532596033
2025-07-14,207.79562377929688,0,0.3111431611480101
2025-07-15,208.28369140625,0,0.3543092025956791
2025-07-16,209.3295440673828,0,0.3564689521797216
2025-07-17,209.19009399414065,0,0.3421897294648097
2025-07-18,210.3455047607422,0,0.3656034151442952
2025-07-21,211.640380859375,0,0.3937835006529519
2025-07-22,213.5527801513672,0,0.3641509475244369
2025-07-23,213.3037872314453,0,0.3493720737732061
2025-07-24,212.91531372070312,0,0.3521573490527392
2025-07-25,213.03485107421875,0,0.3327902011809621
2025-07-28,213.2041931152344,0,0.3399753719916925
2025-07-29,210.4351501464844,0,0.3609191342504559
2025-07-30,208.22393798828125,0,0.4309877949966554
2025-07-31,206.74978637695312,0,0.4565598357089813
2025-08-01,201.58029174804688,0,0.3948681240957443
2025-08-04,202.5464630126953,0,0.3978643584210076
2025-08-05,202.1181640625,0,0.39203620622529
2025-08-06,212.40733337402344,0,0.4475868959216986
2025-08-07,219.16053771972656,0,0.4469463214828466
2025-08-08,228.44371032714844,0,0.3832776767976911
2025-08-11,226.53909301757807,0,0.372596362365781
2025-08-12,229.0021209716797,0,0.3717533083128051
2025-08-13,232.6717529296875,0,0.3653459186198674
2025-08-14,232.1233062744141,0,0.3794578386055807
2025-08-15,230.9366455078125,0,0.3608284128156259
2025-08-18,230.23863220214844,0,0.3550906571444233
2025-08-19,229.90956115722656,0,0.3461054660628586
2025-08-20,225.3723907470703,0,0.3918169082219754
2025-08-21,224.26551818847656,0,0.308252315726897
2025-08-22,227.1174468994141,0,0.3721991411873722
2025-08-25,226.51914978027344,0,0.3553089640242511
2025-08-26,228.6630859375,0,0.3401736909509387
2025-08-27,229.8397674560547,0,0.3379119763100449
2025-08-28,231.9039306640625,0,0.2678837830595512
2025-08-29,231.485107421875,0,0.3504493284935711
2025-09-02,229.0719451904297,0,0.3284667418584992
2025-09-03,237.79725646972656,0,0.430004392607241
2025-09-04,239.10353088378903,0,0.3983729268880869
2025-09-05,239.0138092041016,0,0.403835896591173
2025-09-08,237.2089233398437,0,0.4395257450019599
2025-09-09,233.6888885498047,0,0.4258843563719371
2025-09-10,226.1501922607422,0,0.4100385820081683
2025-09-11,229.3810577392578,0,0.4163941344216748
2025-09-12,233.40968322753903,0,0.4387203029315037
2025-09-15,236.03224182128903,1,0.5081834693043947
2025-09-16,237.4781494140625,0,0.4394141300799225
2025-09-17,238.3157958984375,0,0.4346033515976241
2025-09-18,237.2089233398437,0,0.4656639485894772
2025-09-19,244.8074188232422,0,0.4117398897987315
2025-09-22,255.3575592041016,0,0.4286113704011511
2025-09-23,253.7122344970703,0,0.4016371612988211
2025-09-24,251.5981903076172,0,0.4146374356062053
2025-09-25,256.14532470703125,0,0.399606089407356
2025-09-26,254.73931884765625,0,0.4427458932010759
2025-09-29,253.7122344970703,0,0.3827707888788593
2025-09-30,253.9116668701172,0,0.341452085771522
2025-10-01,254.7293395996093,0,0.3976410856349321
2025-10-02,256.40460205078125,0,0.4372998363268592
2025-10-03,257.2920837402344,0,0.4451173352161253
2025-10-06,255.96583557128903,0,0.3211015335253234
2025-10-07,255.75645446777344,0,0.3186213956797086
2025-10-08,257.3320007324219,0,0.3691635392448327
2025-10-09,253.32330322265625,0,0.3617385853829247
2025-10-10,244.5780792236328,0,0.3639714754469584
2025-10-13,246.9613342285156,0,0.3780873493653123
2025-10-14,247.07101440429688,0,0.3602164373078719
2025-10-15,248.63658142089844,0,0.4132704675394448
2025-10-16,246.7519073486328,0,0.4420166181040137
2025-10-17,251.5782470703125,0,0.4202995400395252
2025-10-20,261.50018310546875,0,0.4328879070757491
2025-10-21,262.0286865234375,0,0.4550238493277972
2025-10-22,257.72088623046875,0,0.4048443772788231
2025-10-23,258.84765625,0,0.4306847518339241
2025-10-24,262.0785522460937,0,0.3800933720227556
2025-10-27,268.0516357421875,0,0.4261732708397763
2025-10-28,268.2410888671875,0,0.4662082056284877
2025-10-29,268.93914794921875,0,0.4166318348375314
2025-10-30,270.63433837890625,0,0.4118124599903217
2025-10-31,269.60723876953125,0,0.4549633400212988
2025-11-03,268.2909851074219,0,0.4019950218089875
2025-11-04,269.2781982421875,0,0.3633570951062142
2025-11-05,269.3778991699219,0,0.4030533060349664
2025-11-06,269.0089416503906,0,0.3664362223678375
2025-11-07,267.7126159667969,0,0.3764396560621352
2025-11-10,268.9303283691406,0,0.4119133950400455
2025-11-11,274.73956298828125,0,0.4439572237067601
2025-11-12,272.962890625,0,0.4039551658899091
2025-11-13,272.4438171386719,0,0.3548317908825327
2025-11-14,271.90484619140625,0,0.3891474333634177
2025-11-17,266.9639892578125,0,0.3965548879448305
2025-11-18,266.94403076171875,0,0.3452430409573111
2025-11-19,268.0619812011719,0,0.3804716034683559
2025-11-20,265.7562561035156,0,0.4330302897991403
2025-11-21,270.98651123046875,0,0.4269130900109339
2025-11-24,275.4083557128906,0,0.3880881068179586
2025-11-25,276.45635986328125,0,0.3408921172289012
2025-11-26,277.0353088378906,0,0.367027948550642
2025-11-28,278.3328857421875,0,0.3316035524300286
2025-12-01,282.57501220703125,0,0.4042582788428164
2025-12-02,285.6592712402344,0,0.3870692266277886
2025-12-03,283.623046875,0,0.3447845267999945
2025-12-04,280.179443359375,0,0.3460273670602768
2025-12-05,278.26300048828125,0,0.3110228573356227
2025-12-08,277.3746643066406,0,0.3505804145087164
2025-12-09,276.6659851074219,0,0.306707866055579
2025-12-10,278.26300048828125,0,0.3901031702340754
2025-12-11,277.514404296875,0,0.323543012938057
2025-12-12,277.763916015625,0,0.2989442246780877
2025-12-15,273.6016540527344,0,0.3820700531164465
2025-12-16,274.1007385253906,0,0.3018321311925279
2025-12-17,271.3358764648437,0,0.3602655842307083
2025-12-18,271.68524169921875,0,0.3435748376409177
2025-12-19,273.1625061035156,0,0.3755242139735159
2025-12-22,270.4674987792969,0,0.2961859180751172
2025-12-23,271.8549194335937,0,0.3166841871559284
2025-12-24,273.3022155761719,0,0.3059451754091107
2025-12-26,272.8930053710937,0,0.3389261281212283
2025-12-29,273.2523498535156,0,0.3223248915075237
2025-12-30,272.57354736328125,0,0.3780078235175627
2025-12-31,271.3558349609375,0,0.4260395633988857
2026-01-02,270.5074462890625,1,0.5295521020889282
2026-01-05,266.764404296875,1,0.5690229535102844
2026-01-06,261.8734741210937,1,0.6254655122756958
2026-01-07,259.84722900390625,1,0.6302928328514099
2026-01-08,258.55963134765625,1,0.7759534120559692
2026-01-09,258.8890075683594,1,0.7249619364738464
2026-01-12,259.7673645019531,1,0.7298470735549927
2026-01-13,260.5658874511719,1,0.723426342010498
2026-01-14,259.4779052734375,1,0.7074130177497864
2026-01-15,257.7311706542969,1,0.6755600571632385
2026-01-16,255.05612182617188,1,0.7645696997642517
2026-01-20,246.2425079345703,1,0.7613356709480286
2026-01-21,247.1907501220703,1,0.7311062812805176
2026-01-22,247.8894500732422,1,0.7285820245742798
2026-01-23,247.5800170898437,1,0.732062816619873
2026-01-26,254.9363708496093,1,0.7028837203979492
2026-01-27,257.7910461425781,1,0.6206655502319336
2026-01-28,255.9644470214844,1,0.6096209287643433
2026-01-29,257.801025390625,1,0.6290926933288574
2026-01-30,258.99884033203125,1,0.6680227518081665
2026-02-02,269.50927734375,1,0.6825098991394043
2026-02-03,268.98028564453125,1,0.6093771457672119
2026-02-04,275.97723388671875,0,0.47759661078453064
2026-02-05,275.3983459472656,0,0.4263138473033905
2026-02-06,277.6042175292969,0,0.48288363218307495
2026-02-09,274.3672180175781,0,0.4444931447505951
2026-02-10,273.4280700683594,0,0.42956918478012085
2026-02-11,275.24639892578125,0,0.4884573221206665
2026-02-12,261.4891052246094,1,0.6591698527336121
2026-02-13,255.5445556640625,1,0.6311028003692627
2026-02-17,263.6371154785156,1,0.6943280696868896
2026-02-18,264.106689453125,1,0.5866891145706177
2026-02-19,260.3401184082031,1,0.6183512806892395
2026-02-20,264.3364562988281,0,0.48967188596725464
2026-02-23,265.9349670410156,1,0.5886235237121582
2026-02-24,271.8895263671875,0,0.43941959738731384
2026-02-25,273.97760009765625,0,0.44556334614753723
2026-02-26,272.6987609863281,0,0.4503733813762665
2026-02-27,263.93682861328125,1,0.6250464916229248
2026-03-02,264.476318359375,0,0.49074578285217285
2026-03-03,263.5072326660156,0,0.47881361842155457
2026-03-04,262.2783508300781,0,0.47006285190582275
2026-03-05,260.0504150390625,1,0.538538932800293
2026-03-06,257.2229919433594,0,0.49033787846565247
2026-03-09,259.6407775878906,0,0.4141243100166321
2026-03-10,260.58990478515625,0,0.474589467048645
2026-03-11,260.5699157714844,1,0.5437793135643005
2026-03-12,255.52456665039065,1,0.5233618021011353
2026-03-13,249.8897705078125,1,0.5451107025146484
2026-03-16,252.58729553222656,1,0.5332528352737427
2026-03-17,253.99598693847656,1,0.5094528198242188
2026-03-18,249.7099456787109,1,0.6558144688606262
2026-03-19,248.73085021972656,1,0.538497269153595
2026-03-20,247.76173400878903,1,0.6588910222053528
2026-03-23,251.25851440429688,1,0.5256547927856445
2026-03-24,251.4083709716797,1,0.6315687894821167
2026-03-25,252.3874664306641,1,0.6083272099494934
2026-03-26,252.6572265625,0,0.4840891659259796
2026-03-27,248.57098388671875,1,0.6389687657356262
2026-03-30,246.40298461914065,1,0.5542331337928772
2026-03-31,253.556381225586,1,0.5526878833770752
2026-04-01,255.3946990966797,1,0.5304638147354126
2026-04-02,255.68443298339844,1,0.5536676049232483
2026-04-06,258.6217041015625,1,0.5696467757225037
2026-04-07,253.26666259765625,1,0.7218672633171082
2026-04-08,258.66168212890625,0,0.46762615442276
2026-04-09,260.2502136230469,0,0.4835643172264099
2026-04-10,260.240234375,0,0.43100228905677795
2026-04-13,258.96142578125,0,0.49957120418548584
2026-04-14,258.5917358398437,1,0.6665288209915161
2026-04-15,266.18475341796875,1,0.689842164516449
2026-04-16,263.15753173828125,1,0.5624368786811829
2026-04-17,269.98126220703125,0,0.4940885603427887
2026-04-20,272.79864501953125,1,0.565366268157959
2026-04-21,265.9250183105469,0,0.4896298050880432
2026-04-22,272.9185791015625,0,0.47378769516944885
2026-04-23,273.1783142089844,0,0.47321754693984985
2026-04-24,270.8104858398437,0,0.4936746060848236
2026-04-27,267.3636474609375,1,0.5847805738449097
2026-04-28,270.4608154296875,1,0.5378641486167908
2026-04-29,269.9213256835937,1,0.5378641486167908
2026-04-30,271.1002502441406,1,0.5682288408279419
2026-05-01,279.88214111328125,0,0.42625856399536133
2026-05-04,276.5751647949219,1,0.5711727142333984
2026-05-05,283.9184265136719,1,0.5175842642784119
2026-05-06,287.245361328125,0,0.40185418725013733
2026-05-07,287.1754150390625,0,0.4087769389152527
2026-05-08,293.0500183105469,0,0.3442802131175995
2026-05-11,292.67999267578125,0,0.43515363335609436
2026-05-12,294.79998779296875,0,0.33353912830352783
2026-05-13,298.8699951171875,0,0.4183505177497864
2026-05-14,298.2099914550781,0,0.4748823642730713
2026-05-15,300.2300109863281,0,0.43921422958374023
2026-05-18,297.8399963378906,1,0.5658682584762573
2026-05-19,298.9700012207031,0,0.45565035939216614
2026-05-20,302.25,0,0.49214068055152893
2026-05-21,304.989990234375,0,0.47454574704170227
2026-05-22,308.82000732421875,0,0.33744704723358154
2026-05-26,308.3299865722656,0,0.3048723638057709
2026-05-27,310.8500061035156,0,0.3504554033279419
2026-05-28,312.510009765625,0,0.3294706344604492
2026-05-29,312.0599975585937,0,0.2712058126926422
2026-06-01,306.3099975585937,0,0.33175787329673767
2026-06-02,315.20001220703125,0,0.25774598121643066
2026-06-03,310.260009765625,0,0.33213505148887634
2026-06-04,311.2300109863281,0,0.33690667152404785
2026-06-05,307.3399963378906,0,0.3452681601047516
2026-06-08,301.5400085449219,0,0.40996456146240234
2026-06-09,290.54998779296875,0,0.30408236384391785
2026-06-10,291.5799865722656,0,0.28320443630218506
2026-06-11,295.6300048828125,0,0.30011820793151855
2026-06-12,291.1300048828125,0,0.33199170231819153
2026-06-15,296.4200134277344,0,0.36667150259017944
2026-06-16,299.239990234375,0,0.29164862632751465
2026-06-17,295.95001220703125,0,0.27707934379577637
2026-06-18,298.010009765625,0,0.3041648864746094
2026-06-22,297.010009765625,0,0.39522668719291687
2026-06-23,294.29998779296875,0,0.3185001015663147
2026-06-24,293.0799865722656,0,0.4206547141075134
2026-06-25,275.1499938964844,1,0.5321973562240601
2026-06-26,283.7799987792969,1,0.567622184753418
2026-06-29,281.739990234375,1,0.633338451385498
2026-06-30,289.3599853515625,0,0.4716711938381195
2026-07-01,294.3800048828125,1,0.5546169281005859
2026-07-02,308.6300048828125,1,0.5205233097076416
